Date,Rolling 10,Rolling 20,Rolling 50,Rolling 100,Rolling 200
2021-01-04,435968,435968,435968,435968,435968
2021-01-05,385911,385911,385911,385911,385911
2021-01-06,426809,426809,426809,426809,426809
2021-01-07,471499,471499,471499,471499,471499
2021-01-08,436355,436355,436355,436355,436355
2021-01-11,417225,417225,417225,417225,417225
2021-01-12,409966,409966,409966,409966,409966
2021-01-13,390727,390727,390727,390727,390727
2021-01-14,362091,362091,362091,362091,362091
2021-01-15,365267,365267,365267,365267,365267
2021-01-19,362806,369457,369457,369457,369457
2021-01-20,359004,363489,363489,363489,363489
2021-01-21,348796,366799,366799,366799,366799
2021-01-22,324082,366201,366201,366201,366201
2021-01-25,323136,360876,360876,360876,360876
2021-01-26,322509,358027,358027,358027,358027
2021-01-27,335899,366397,366397,366397,366397
2021-01-28,342995,364209,364209,364209,364209
2021-01-29,357288,359563,359563,359563,359563
2021-02-01,348227,356747,356747,356747,356747
2021-02-02,350749,356777,360548,360548,360548
2021-02-03,364033,361519,363736,363736,363736
2021-02-04,349541,349168,359296,359296,359296
2021-02-05,348149,336116,358680,358680,358680
2021-02-08,367476,345306,363516,363516,363516
2021-02-09,365251,343880,360805,360805,360805
2021-02-10,351527,343713,360890,360890,360890
2021-02-11,336587,339791,354344,354344,354344
2021-02-12,328446,342867,348833,348833,348833
2021-02-16,359377,353802,357624,357624,357624
2021-02-17,479717,415233,398990,398990,398990
2021-02-18,480764,422398,400307,400307,400307
2021-02-19,480674,415107,396077,396077,396077
2021-02-22,477622,412886,393663,393663,393663
2021-02-23,488870,428173,399331,399331,399331
2021-02-24,485118,425184,395337,395337,395337
2021-02-25,476357,413942,392097,392097,392097
2021-02-26,483707,410147,388387,388387,388387
2021-03-01,489703,409075,384954,384954,384954
2021-03-02,446116,402747,379747,379747,379747
2021-03-03,311532,395624,377658,377658,377658
2021-03-04,331519,406141,383929,383929,383929
2021-03-05,347853,414264,384862,384862,384862
2021-03-08,364110,420866,386946,386946,386946
2021-03-09,348805,418837,388103,388103,388103
2021-03-10,358656,421887,387363,387363,387363
2021-03-11,366058,421208,386557,386557,386557
2021-03-12,368668,426187,384279,384279,384279
2021-03-15,379294,434498,383799,383799,383799
2021-03-16,396172,421144,383032,383032,383032
2021-03-17,395718,353625,380104,381200,381200
2021-03-18,402000,366759,387464,387404,387404
2021-03-19,429608,388730,391294,393305,393305
2021-03-22,421409,392760,387075,393328,393328
2021-03-23,405847,377326,386827,391329,391329
2021-03-24,409654,384155,388238,391343,391343
2021-03-25,405102,385580,386989,389811,389811
2021-03-26,411434,390051,388678,388961,388961
2021-03-29,415719,397506,394090,389209,389209
2021-03-30,407230,401701,391425,387065,387065
2021-03-31,424248,409983,392393,388257,388257
2021-04-01,399017,400508,395466,389277,389277
2021-04-05,373191,401399,396173,390112,390112
2021-04-06,393488,407448,400956,393353,393353
2021-04-07,387001,396424,399600,390663,390663
2021-04-08,376907,393281,399117,389156,389156
2021-04-09,372826,388964,394374,387276,387276
2021-04-12,373095,392264,394698,386627,386627
2021-04-13,382003,398861,399033,388164,388164
2021-04-14,392937,400084,400367,387904,387904
2021-04-15,424631,424440,407169,393380,393380
2021-04-16,434702,416859,409600,395586,395586
2021-04-19,429420,401305,412149,395497,395497
2021-04-20,395521,394504,410430,393646,393646
2021-04-21,399989,393495,406102,391907,391907
2021-04-22,427470,402188,411561,394197,394197
2021-04-23,438908,405867,411850,393981,393981
2021-04-26,444355,408725,416252,394028,394028
2021-04-27,436967,409485,420737,394342,394342
2021-04-28,428176,410556,414126,392938,392938
2021-04-29,383337,403984,387893,392140,392140
2021-04-30,371783,403242,387804,392683,392683
2021-05-03,356845,393132,387383,390840,390840
2021-05-04,365813,380667,388068,390333,390333
2021-05-05,366618,383304,381652,388932,388932
2021-05-06,344244,385857,383386,388389,388389
2021-05-07,336579,387743,383895,387383,387383
2021-05-10,321708,383031,383852,385810,385810
2021-05-11,314083,375525,385613,385324,385324
2021-05-12,309766,368971,386856,383697,383697
2021-05-13,294544,338940,384496,381415,381415
2021-05-14,274104,322943,376321,379794,379794
2021-05-17,274005,315425,372614,378277,378277
2021-05-18,296372,331092,374520,380337,380337
2021-05-19,298236,332427,371538,379385,379385
2021-05-20,290823,317534,369820,378226,378226
2021-05-21,304913,320746,371665,378881,378881
2021-05-24,314936,318322,373105,378578,378578
2021-05-25,341973,328028,378149,380945,380945
2021-05-26,409098,359432,389441,386237,386237
2021-05-27,468944,381744,399141,389622,390081
2021-05-28,480918,377511,392105,389784,389708
2021-06-01,525176,399591,391727,391511,392539
2021-06-02,502702,399537,390779,388927,392103
2021-06-03,511531,404884,392675,389751,391970
2021-06-04,508442,399633,389577,388907,390510
2021-06-07,496338,400625,389913,388451,389858
2021-06-08,493129,404032,389445,389061,389185
2021-06-09,453840,397906,385773,389932,387633
2021-06-10,387465,398282,385488,388456,386348
2021-06-11,341435,405189,382578,387485,385699
2021-06-14,330739,405828,378449,386958,384443
2021-06-15,289014,407095,374892,385533,383377
2021-06-16,289691,396196,370020,385488,383119
2021-06-17,308571,410051,376989,388294,384718
2021-06-18,347690,428066,383734,391425,386819
2021-06-21,354128,425233,386173,390274,386804
2021-06-22,361342,427236,387094,390896,386825
2021-06-23,378046,415943,384982,392007,386827
2021-06-24,393227,390346,385546,392956,386922
2021-06-25,397742,369588,377200,392185,386694
2021-06-28,419378,375058,375384,392492,387307
2021-06-29,413663,351338,371740,391945,385840
2021-06-30,404824,347258,371880,391155,384870
2021-07-01,390261,349416,375043,390573,385161
2021-07-02,362164,354927,370673,391117,384862
2021-07-06,371457,362792,372683,392267,385596
2021-07-07,375167,368255,373256,394754,385914
2021-07-08,377950,377998,373178,396958,386139
2021-07-09,370787,382007,374068,394097,385680
2021-07-12,366592,382167,373851,380872,385160
2021-07-13,371790,395584,375386,381595,386131
2021-07-14,391647,402655,378701,383042,386276
2021-07-15,401723,403274,379062,383565,386127
2021-07-16,412512,401386,384222,382937,387187
2021-07-19,439123,400643,389648,386517,388852
2021-07-20,459375,415416,397242,390568,390981
2021-07-21,474449,424808,403805,393828,392330
2021-07-22,491008,434479,408563,397088,393684
2021-07-23,531810,451298,418477,402667,396118
2021-07-26,535013,450803,421945,403220,395787
2021-07-27,560996,466393,432764,404543,398446
2021-07-28,618735,505191,447647,410130,402532
2021-07-29,623204,512463,444429,409475,402591
2021-07-30,630837,521674,450742,411140,403991
2021-08-02,613409,526266,454166,411993,404232
2021-08-03,608766,534070,458013,414839,405796
2021-08-04,586359,530404,458089,415597,405440
2021-08-05,570412,530710,454251,416200,405544
2021-08-06,529634,530722,442585,416013,405019
2021-08-09,522946,528979,432746,415943,404209
2021-08-10,489642,525319,434509,413307,404445
2021-08-11,426897,522816,427991,409859,404125
2021-08-12,418400,520802,427568,409174,403617
2021-08-13,430503,530670,434537,413606,405701
2021-08-16,471005,542207,446678,418128,408513
2021-08-17,491843,550304,457114,423513,411277
2021-08-18,572020,579190,473867,431656,415983
2021-08-19,617128,593770,486909,436341,418852
2021-08-20,649415,589524,494974,440231,420294
2021-08-23,691747,607346,502808,442693,422068
2021-08-24,682855,586248,504932,441691,421631
2021-08-25,682047,554472,506598,440745,421175
2021-08-26,693795,556097,508389,439204,421311
2021-08-27,654069,542286,503636,440313,420754
2021-08-30,601911,536458,497522,440628,420163
2021-08-31,562961,527402,498880,442527,420360
2021-09-01,496101,534060,500819,443957,420752
2021-09-02,452580,534854,501816,443399,420847
2021-09-03,417227,533321,499775,442660,420114
2021-09-07,386315,539031,500522,438861,419977
2021-09-08,382824,532839,497621,436503,419375
2021-09-09,378664,530355,499598,435669,418718
2021-09-10,372758,533276,501976,436928,418521
2021-09-13,421976,538022,509979,442511,420824
2021-09-14,429326,515618,510955,440814,420684
2021-09-15,413334,488147,507256,439969,419963
2021-09-16,400547,448324,505895,439576,419617
2021-09-17,421989,437284,510623,441901,420911
2021-09-20,453714,435471,516360,445214,421980
2021-09-21,443145,414730,515833,444842,421257
2021-09-22,437971,410397,510858,443122,420397
2021-09-23,436448,407556,508558,443629,419687
2021-09-24,424328,398543,506497,442780,418836
2021-09-27,403096,412536,508096,446159,419865
2021-09-28,457807,443567,514692,452170,422680
2021-09-29,464090,438712,508199,452720,422323
2021-09-30,453496,427022,501705,452755,421419
2021-10-01,452701,437345,502962,455763,422593
2021-10-04,453509,453612,500700,459589,423640
2021-10-05,455842,449493,499999,460972,423068
2021-10-06,475484,456727,493755,463260,423266
2021-10-07,484553,460500,481722,464684,423048
2021-10-08,485851,455089,479026,461727,422291
2021-10-11,452751,427923,472479,461611,421552
2021-10-12,415951,436879,475200,464683,422336
2021-10-13,423149,443620,471075,464544,422365
2021-10-14,438341,445919,472101,465095,422274
2021-10-15,407613,430157,470402,462327,421840
2021-10-18,376671,415090,470107,456346,421291
2021-10-19,377161,416501,470842,451794,420708
2021-10-20,356345,415914,467096,450802,420293
2021-10-21,350769,417661,466496,447244,419377
2021-10-22,343015,414433,463949,445759,417343
2021-10-25,344655,398703,455309,444923,417337
2021-10-26,310834,363393,443166,444922,416915
2021-10-27,302445,362797,433196,445155,416803
2021-10-28,315810,377075,420859,447363,418212
2021-10-29,330596,369104,413096,450002,419967
2021-11-01,338001,357336,407825,451400,419928
2021-11-02,361377,369269,404768,453788,420637
2021-11-03,382938,369641,407112,456022,421490
2021-11-04,378312,364541,405749,456173,420853
2021-11-05,413860,378438,407962,458176,421832
2021-11-08,412966,378811,407089,455362,421828
2021-11-09,408121,359478,404408,450965,421195
2021-11-10,388351,345398,398274,448577,419425
2021-11-11,352050,333930,392049,446434,418665
2021-11-12,319261,324929,386432,444124,418066
2021-11-15,300313,319157,384442,442108,417532
2021-11-16,272810,317093,382067,441295,416740
2021-11-17,241877,312407,378923,438272,415382
2021-11-18,243478,310895,378712,439155,415550
2021-11-19,231027,322444,379616,440796,415976
2021-11-22,250689,331828,372831,441405,415989
2021-11-23,312811,360466,381105,446030,418573
2021-11-24,367115,377733,389030,448143,420205
2021-11-26,411646,381848,394269,450082,422418
2021-11-29,438769,379015,389788,450206,423582
2021-11-30,474594,387453,388618,452489,423293
2021-12-01,482533,377671,389944,452889,416880
2021-12-02,496717,369297,390672,450765,416180
2021-12-03,490882,367180,389599,449078,416060
2021-12-06,470583,350805,388867,447682,415624
2021-12-07,460668,355678,384346,446221,414579
2021-12-08,400332,356571,369610,442151,414334
2021-12-09,354245,360680,367061,437630,414099
2021-12-10,323969,367808,368363,435034,414431
2021-12-13,305127,371948,360273,431617,414353
2021-12-14,279025,376809,353721,427210,414938
2021-12-15,266115,374324,351999,425999,414610
2021-12-16,275930,386323,350761,422258,413400
2021-12-17,303220,397051,353332,417527,413829
2021-12-20,305049,387816,352707,415867,412671
2021-12-21,286475,373571,351090,411785,411462
2021-12-22,307806,354069,347981,411590,411792
2021-12-23,319945,337095,346420,408748,411793
2021-12-27,304995,314482,341694,406898,411247
2021-12-28,295048,300087,337760,404081,410141
2021-12-29,282133,280579,334813,402460,409237
2021-12-30,273109,269612,331189,401015,408479
2021-12-31,247049,261489,328902,397999,405653
2022-01-03,229855,266538,329149,397823,403841
2022-01-04,258921,281985,335888,399919,404546
2022-01-05,279130,282802,337986,396647,405127
2022-01-06,299526,303666,345719,394443,406285
2022-01-07,295999,307972,345131,389163,406338
2022-01-10,333959,319477,345324,383092,407374
2022-01-11,350228,322638,341687,377391,406866
2022-01-12,370919,326526,341397,374611,407421
2022-01-13,384659,328884,335845,370306,406500
2022-01-14,413219,330134,334958,371035,406363
2022-01-18,420248,325052,337537,371643,406194
2022-01-19,397167,328044,332550,370256,404730
2022-01-20,387058,333094,332804,369946,405129
2022-01-21,361218,330372,336339,370373,405501
2022-01-24,380882,338440,343637,370956,406741
2022-01-25,356167,345063,346147,369098,406527
2022-01-26,350067,350148,347848,367140,405269
2022-01-27,336836,353877,348701,366571,404616
2022-01-28,331672,358166,347618,364842,401852
2022-01-31,316149,364684,349813,364368,400435
2022-02-01,312680,366464,351377,365044,400357
2022-02-02,329720,363444,352288,365952,401440
2022-02-03,316698,351878,346006,359418,400965
2022-02-04,297173,329196,333211,357158,398986
2022-02-07,260073,320478,322229,355630,397799
2022-02-08,248577,302372,313533,353901,396738
2022-02-09,247127,298597,309519,349654,395777
2022-02-10,237619,287227,301306,344962,395088
2022-02-11,228612,280142,296833,343389,394115
2022-02-14,248486,282318,300167,345419,394270
2022-02-15,255979,284329,304396,346998,395314
2022-02-16,270392,300056,312250,350559,396669
2022-02-17,302518,309608,314376,349361,397760
2022-02-18,327578,312376,318660,344135,398153
2022-02-22,351287,305680,321637,344349,398535
2022-02-23,410661,329619,330872,349618,401186
2022-02-24,457850,352488,340064,350169,402966
2022-02-25,512751,375185,348051,350886,405237
2022-02-28,527636,378124,349138,350568,405770
2022-03-01,523514,386000,349683,350222,406741
2022-03-02,513817,384898,346516,349924,407304
2022-03-03,497717,384055,350784,351745,406736
2022-03-04,576190,439354,372319,361705,411658
2022-03-07,590993,459286,375298,361639,413161
2022-03-08,598809,475048,377410,361915,413230
2022-03-09,553536,482099,380580,361137,413116
2022-03-10,515324,486587,384119,360940,411633
2022-03-11,476948,494849,387014,360914,408630
2022-03-14,497069,512353,393930,362559,407176
2022-03-15,501638,512576,400601,364752,407777
2022-03-16,518574,516195,404259,366704,406974
2022-03-17,506930,502324,400385,368137,406948
2022-03-18,459659,517925,408425,373205,409064
2022-03-21,439612,515303,403315,374517,409720
2022-03-22,438126,518468,405836,375483,410319
2022-03-23,435023,494280,400793,373058,410211
2022-03-24,431507,473415,400375,371031,410516
2022-03-25,434309,455629,399693,370545,410972
2022-03-28,416661,456865,400330,368088,410938
2022-03-29,419528,460583,401863,368411,412216
2022-03-30,405697,462136,401349,369443,412808
2022-03-31,429217,468073,406795,369672,413924
2022-04-01,396386,428023,410290,371547,413455
2022-04-04,404871,422241,412046,374192,412579
2022-04-05,393152,415639,408289,375963,412270
2022-04-06,408692,421858,411298,378723,412578
2022-04-07,412510,422008,412863,380356,412240
2022-04-08,427357,430833,417797,383249,412679
2022-04-11,435015,425838,420998,384308,412801
2022-04-12,440655,430091,426764,388288,413280
2022-04-13,463936,434817,431601,391489,415322
2022-04-14,465749,447483,434001,393145,416970
2022-04-18,445520,420953,436055,391030,416218
2022-04-19,436343,420607,439880,386545,416288
2022-04-20,443525,418338,444980,383604,415874
2022-04-21,481507,445099,457884,385709,417895
2022-04-22,510312,461411,465501,387510,418858
2022-04-25,551708,489533,480615,390960,421725
2022-04-26,577054,506034,490687,393760,423324
2022-04-27,573603,507129,491788,395977,423371
2022-04-28,581786,522861,496762,400579,424829
2022-04-29,581254,523502,496173,404212,425947
2022-05-02,622809,534165,500113,407244,426733
2022-05-03,663110,549727,506986,412823,427487
2022-05-04,689614,566569,512645,417141,427386
2022-05-05,679547,580527,511661,421266,428150
2022-05-06,666941,588627,507319,423691,427654
2022-05-09,627666,589687,503598,425825,426517
2022-05-10,633362,605208,511832,430485,428242
2022-05-11,630213,601908,513127,431405,426832
2022-05-12,589841,585814,511967,429241,423384
2022-05-13,568217,574736,510273,430529,423198
2022-05-16,550692,586751,495013,433666,422725
2022-05-17,526243,594676,494036,434667,423129
2022-05-18,491701,590657,491223,434317,421532
2022-05-19,461235,570391,493201,436890,421894
2022-05-20,509197,588069,506093,445106,424594
2022-05-23,510777,569222,510364,448689,425575
2022-05-24,492955,563158,511009,452469,426742
2022-05-25,588059,609136,530412,465506,431753
2022-05-26,616935,603388,531639,467949,432886
2022-05-27,670833,619525,543054,471720,435819
2022-05-31,682068,616380,539495,473960,435304
2022-06-01,674823,600533,541078,472196,433320
2022-06-02,690831,591266,541764,473800,431482
2022-06-03,706176,583705,547431,474112,428602
2022-06-06,651435,580316,550079,475227,426309
2022-06-07,628667,569722,549235,474464,424537
2022-06-08,602403,547679,548158,474244,422275
2022-06-09,481106,534583,542727,472295,421665
2022-06-10,461557,539246,542811,472080,421861
2022-06-13,422518,546675,541714,474255,422255
2022-06-14,399642,540855,540146,475218,422582
2022-06-15,396087,535455,539321,475683,423028
2022-06-16,383658,537245,539866,474078,422517
2022-06-17,394129,550152,544519,477908,423503
2022-06-21,394967,523201,546570,479717,423428
2022-06-22,440369,534518,551837,484817,425694
2022-06-23,447155,524779,550586,485792,425317
2022-06-24,459317,470212,546460,486612,425490
2022-06-27,462324,461941,542489,487045,426044
2022-06-28,444127,433322,537390,485695,425824
2022-06-29,433829,416735,537808,486931,423175
2022-06-30,428595,412341,537771,488826,422992
2022-07-01,426012,404835,536363,490671,423150
2022-07-05,383499,388814,524917,491401,422651
2022-07-06,374151,384559,519338,492419,421037
2022-07-07,330562,385465,507608,494111,419537
2022-07-08,337643,392399,502703,496695,420042
2022-07-11,330646,394982,497868,494828,420124
2022-07-12,317099,389712,489551,493157,420077
2022-07-13,322582,383354,485655,490914,420737
2022-07-14,340925,387377,481431,490772,420066
2022-07-15,336991,382793,472548,489767,416951
2022-07-18,326651,376331,463771,488208,416279
2022-07-19,338560,361030,456720,484190,416904
2022-07-20,349062,361607,455762,481541,415855
2022-07-21,393521,362041,460779,482188,416537
2022-07-22,392722,365182,454576,483204,416886
2022-07-25,393233,361939,450472,481800,416011
2022-07-26,383497,350298,448282,480125,415024
2022-07-27,376921,349752,447396,478835,415290
2022-07-28,379745,360335,447242,471127,416416
2022-07-29,411993,374492,449698,471867,416753
2022-08-01,435904,381278,452611,471917,416916
2022-08-02,431841,385201,450841,472021,416579
2022-08-03,473776,411419,448678,477386,419163
2022-08-04,427797,410659,444183,477273,419094
2022-08-05,407327,400025,437450,474230,418394
2022-08-08,419166,406199,416693,473553,419152
2022-08-09,429191,406344,410734,471186,418945
2022-08-10,424587,400754,398147,470601,419369
2022-08-11,417738,398742,394376,466935,420070
2022-08-12,374783,393388,389690,465384,419951
2022-08-15,361664,398784,386778,464271,419877
2022-08-16,375700,403770,384746,466089,419573
2022-08-17,501203,487490,418632,484355,427693
2022-08-18,530521,479159,424554,486894,428719
2022-08-19,565288,486308,430027,489092,428590
2022-08-22,556001,487583,431672,487200,427805
2022-08-23,564685,496938,431359,487085,428264
2022-08-24,563742,494165,426392,484053,426863
2022-08-25,545841,481789,423616,481881,426714
2022-08-26,559014,466899,422275,480798,427495
2022-08-29,554401,458033,420926,480396,428180
2022-08-30,566132,470916,419146,481833,430278
2022-08-31,406671,453937,420973,483772,432064
2022-09-01,381507,456014,412781,482309,432779
2022-09-02,353141,459215,411224,480905,432606
2022-09-06,366904,461453,413190,479825,434057
2022-09-07,364740,464712,411842,477165,434327
2022-09-08,369715,466728,411510,474450,433797
2022-09-09,384563,465202,413762,475785,433408
2022-09-12,394825,476920,415521,476646,431596
2022-09-13,419674,487038,419659,478011,430808
2022-09-14,412501,489317,424947,474932,430320
2022-09-15,406021,406346,427347,473342,430426
2022-09-16,441589,411548,434987,471297,431129
2022-09-19,445379,399260,432771,467737,430749
2022-09-20,438669,402786,434794,466331,431154
2022-09-21,430372,397556,434497,462024,431302
2022-09-22,440125,404920,435018,460337,432274
2022-09-23,442637,413600,434105,457768,432506
2022-09-26,435639,415232,435251,453899,433361
2022-09-27,407080,413377,435745,449758,433449
2022-09-28,395463,403982,436327,446524,433895
2022-09-29,393818,399920,436298,446030,434861
2022-09-30,359649,400619,428212,444496,435160
2022-10-03,368981,407180,428023,441299,435892
2022-10-04,368919,403794,429932,440202,435804
2022-10-05,391334,410853,436064,442173,435707
2022-10-06,382949,411537,436224,441810,436169
2022-10-07,378761,410699,433908,440575,437120
2022-10-10,375298,405469,427912,438805,436736
2022-10-11,436682,421881,435900,444256,439286
2022-10-12,431338,413401,436227,443534,440212
2022-10-13,470111,431965,435565,442122,443614
2022-10-14,460397,410023,434733,439458,444073
2022-10-17,452456,410718,437049,437249,444859
2022-10-18,443120,406020,434723,425708,445607
2022-10-19,429590,410462,436144,423439,445694
2022-10-20,460781,421865,443462,420805,446262
2022-10-21,455113,416937,441383,417879,445920
2022-10-24,452175,413736,443390,416540,444368
2022-10-25,399228,417955,443413,415095,444448
2022-10-26,400775,416057,441242,412994,443553
2022-10-27,347691,408901,404862,411747,443487
2022-10-28,356798,408597,399988,412271,443367
2022-10-31,354952,403704,394982,412504,443374
2022-11-01,363423,403271,396207,413940,443117
2022-11-02,358272,393931,394861,413110,442595
2022-11-03,327093,393937,396133,411262,442759
2022-11-04,334393,394753,399094,411355,443286
2022-11-07,324303,388239,396448,409362,442522
2022-11-08,311309,355268,394795,407860,440969
2022-11-09,298829,349802,387781,403464,440686
2022-11-10,289185,318438,381365,401169,440443
2022-11-11,277466,317132,379180,395981,440399
2022-11-14,280452,317702,380444,395834,440813
2022-11-15,274418,318920,377710,395450,441031
2022-11-16,263333,310802,374580,393211,440128
2022-11-17,248286,287690,371847,391678,438687
2022-11-18,237228,285811,369627,391695,439313
2022-11-21,241542,282922,365791,390656,439741
2022-11-22,355062,333186,381872,400765,445718
2022-11-23,370432,334630,379368,402157,446779
2022-11-25,374013,331599,374964,401155,446787
2022-11-28,376790,327128,366220,400603,447357
2022-11-29,363522,321987,364073,398422,447559
2022-11-30,358628,316523,361701,398248,446538
2022-12-01,366578,314955,361821,398159,445658
2022-12-02,365757,307021,356973,395996,443455
2022-12-05,365077,301152,354115,394110,442441
2022-12-06,355576,298559,349779,392515,441141
2022-12-07,243880,299471,349232,392488,440348
2022-12-08,224470,297451,345169,390748,437469
2022-12-09,216539,295276,339508,387903,434722
2022-12-12,207611,292200,335812,382012,432100
2022-12-13,220287,291905,334334,381179,432191
2022-12-14,206838,282733,329285,379608,430704
2022-12-15,200061,283319,323567,379815,429970
2022-12-16,219888,292822,324361,380292,429564
2022-12-19,209305,287191,320223,377066,424097
2022-12-20,220267,287921,318772,373342,422604
2022-12-21,219105,231493,305717,370809,421363
2022-12-22,215545,220007,302010,369118,420570
2022-12-23,214877,215708,288461,362013,419699
2022-12-27,208399,208005,285413,360073,418673
2022-12-28,191597,205942,282162,359606,416918
2022-12-29,190713,198775,278804,356763,415158
2022-12-30,180063,190062,273661,354903,413044
2023-01-03,161640,190764,264533,353998,412299
2023-01-04,162407,185856,261682,351533,409234
2023-01-05,166335,193301,261604,352497,408941
2023-01-06,227761,223433,271423,357418,410845
2023-01-09,235267,225406,268909,355075,410582
2023-01-10,263466,239171,271616,338239,411297
2023-01-11,280469,244434,270147,335067,410981
2023-01-12,289388,240493,269049,332016,410554
2023-01-13,291719,241216,264463,330335,408767
2023-01-17,308141,244102,263635,329248,408167
2023-01-18,305847,233743,260283,328208,406131
2023-01-19,299750,231078,254753,326923,404402
2023-01-20,299694,233014,256683,326565,403682
2023-01-23,225856,226808,254333,324564,402480
2023-01-24,224877,230072,254118,320950,401391
2023-01-25,194404,228935,252660,317012,400392
2023-01-26,182661,231565,251186,315183,398746
2023-01-27,172902,231145,247539,313992,397448
2023-01-30,173437,232578,244267,310988,395407
2023-01-31,172743,240442,245517,310049,393607
2023-02-01,181747,243797,246976,309411,391930
2023-02-02,206263,253007,248560,309093,392439
2023-02-03,194852,247273,247345,306568,391607
2023-02-06,199106,212481,223142,302507,390259
2023-02-07,184277,204577,216887,298127,386530
2023-02-08,184797,189600,214816,294890,384116
2023-02-09,179400,181031,211708,288964,380131
2023-02-10,178248,175575,210484,287279,377508
2023-02-13,177114,175275,207964,284833,375582
2023-02-14,162052,167397,204612,283217,372620
2023-02-15,150179,165963,203860,280417,370377
2023-02-16,142559,174411,204057,279086,368427
2023-02-17,145524,170188,205334,277556,365728
2023-02-21,170093,184600,208384,278808,364283
2023-02-22,191654,187965,210324,277746,362135
2023-02-23,209198,196997,213348,276428,361229
2023-02-24,226347,202874,215455,275634,360065
2023-02-27,235763,207006,213580,273957,357628
2023-02-28,257256,217185,218048,273666,356934
2023-03-01,334938,248495,231587,277577,359875
2023-03-02,360484,255332,231979,278170,359990
2023-03-03,350243,246401,232244,276234,358404
2023-03-06,344762,245143,230233,274503,356654
2023-03-07,325298,247696,229623,267670,355963
2023-03-08,320989,256321,231413,266711,355123
2023-03-09,307953,258576,231963,260212,351167
2023-03-10,336634,281490,241102,263257,351358
2023-03-13,368558,302161,248972,265567,351408
2023-03-14,364329,310793,252771,265787,345748
2023-03-15,324712,329825,260517,267089,345264
2023-03-16,334674,347579,266586,265560,343182
2023-03-17,372452,361348,274253,267968,342924
2023-03-20,387343,366053,274435,268020,342280
2023-03-21,398576,361937,263786,267605,341350
2023-03-22,399337,360163,264227,266568,339781
2023-03-23,472598,390276,273790,272703,342225
2023-03-24,453641,395137,275737,272942,342606
2023-03-27,432126,400342,277519,273284,342894
2023-03-28,424765,394547,279380,271922,342931
2023-03-29,398759,361735,278641,271138,342124
2023-03-30,376747,355710,280766,270525,340894
2023-03-31,390650,381551,292433,273593,342474
2023-04-03,416577,401960,297812,277247,343304
2023-04-04,423750,411163,303365,278849,343355
2023-04-05,448706,424021,308992,281555,342510
2023-04-06,388403,430501,312590,282625,341897
2023-04-10,369857,411749,313176,282181,339081
2023-04-11,385904,409015,320120,283830,339832
2023-04-12,399850,412308,324663,284465,339957
2023-04-13,399579,399169,324008,284762,338987
2023-04-14,394974,385860,323412,285194,338436
2023-04-17,361035,375843,323388,285974,338834
2023-04-18,326776,371676,324196,285770,338213
2023-04-19,319489,371619,327441,275291,338028
2023-04-20,305057,376881,333148,275018,338587
2023-04-21,320880,354642,339807,277311,339233
2023-04-24,323642,346749,342024,276866,338735
2023-04-25,332520,359212,350974,280729,339576
2023-04-26,392549,396200,367750,287857,343052
2023-04-27,403522,401550,372302,288457,343308
2023-04-28,440361,417668,381448,292654,344325
2023-05-01,429526,395281,380781,292419,343264
2023-05-02,444385,385580,383968,294651,343583
2023-05-03,461713,390601,385765,297075,344782
2023-05-04,449941,377499,384806,297565,344157
2023-05-05,454818,387849,388931,301139,344521
2023-05-08,458393,391017,388433,301944,341978
2023-05-09,539753,436136,411772,312676,346927
2023-05-10,486793,439671,413657,315852,347730
2023-05-11,506872,455197,406689,319138,349477
2023-05-12,487014,463687,406754,319367,349830
2023-05-15,493681,461604,409469,320857,348961
2023-05-16,492344,468364,413485,321859,347601
2023-05-17,512495,487104,423205,326414,348611
2023-05-18,525451,487696,425698,328556,348837
2023-05-19,511725,483272,429685,330824,346419
2023-05-22,530678,494535,427242,334172,347122
2023-05-23,465208,502480,431102,340037,349821
2023-05-24,730097,608445,486811,369791,363277
2023-05-25,795900,651386,500926,380722,367812
2023-05-26,844690,665852,508757,387672,370835
2023-05-30,865182,679432,508015,391134,371333
2023-05-31,907443,699893,517505,395970,374234
2023-06-01,888770,700632,521243,392515,374966
2023-06-02,1004599,765025,546751,405489,380282
2023-06-05,1030550,771138,541275,407533,372886
2023-06-06,1031475,781076,542809,409273,372170
2023-06-07,1144509,804858,573579,425549,378782
2023-06-08,901982,816040,582254,430817,380576
2023-06-09,846930,821415,590560,434601,381924
2023-06-12,852515,848602,603911,442339,385273
2023-06-13,898342,881762,609553,450993,388958
2023-06-14,907431,907437,615675,456744,391654
2023-06-15,906344,897557,617762,460563,392564
2023-06-16,821242,912921,621258,465125,393037
2023-06-20,828677,929613,629330,470960,393986
2023-06-21,829738,930606,634785,473980,394582
2023-06-22,689124,916817,634223,477171,395582
2023-06-23,667933,784957,635871,480267,395628
2023-06-26,638247,742588,638294,481151,395600
2023-06-27,622287,737401,649373,486393,397902
2023-06-28,585661,742001,654478,488933,399013
2023-06-29,552286,729859,660778,492487,399527
2023-06-30,578074,742209,669479,498460,400484
2023-07-03,559657,690450,672178,502663,400395
2023-07-05,536777,682727,672509,506158,400524
2023-07-06,537817,683777,677620,509822,399393
2023-07-07,517924,603524,671304,511139,399209
2023-07-10,502857,585395,657932,512841,398837
2023-07-11,495056,566652,656601,514451,398834
2023-07-12,454123,538205,652126,516787,398602
2023-07-13,422792,504226,653131,516956,398021
2023-07-14,403232,477759,652547,518258,397907
2023-07-17,359805,468939,649097,517431,398120
2023-07-18,347193,453425,651628,518217,397982
2023-07-19,361833,449305,653912,521422,398925
2023-07-20,383202,460510,662582,525508,400571
2023-07-21,467670,492797,656887,534330,404143
2023-07-24,492891,497874,659152,536405,405036
2023-07-25,544391,519724,664105,535397,406487
2023-07-26,581059,517591,670935,538844,408507
2023-07-27,633764,528278,681148,545309,410771
2023-07-28,694687,548959,693016,553250,413877
2023-07-31,743060,551432,695211,559208,413439
2023-08-01,767089,557141,699956,562827,414769
2023-08-02,812466,587150,714061,571873,416043
2023-08-03,799770,591486,716400,571821,417539
2023-08-04,731841,599756,710214,570658,418112
2023-08-07,729797,611344,659092,572951,419369
2023-08-08,690116,617254,642948,571937,419513
2023-08-09,666016,623537,635200,571979,418769
2023-08-10,623015,628390,632715,570365,419166
2023-08-11,552208,623448,621969,569737,418878
2023-08-14,523717,633388,622200,571722,419663
2023-08-15,520256,643672,603087,574919,420743
2023-08-16,593418,702942,626634,583955,428329
2023-08-17,583975,691872,626900,584855,428898
2023-08-18,589891,660866,599290,586434,429859
2023-08-21,574658,652227,593627,587941,429931
2023-08-22,579517,634817,589466,590013,430575
2023-08-23,561184,613600,576934,590422,430474
2023-08-24,567769,595392,566600,588077,430835
2023-08-25,575380,563794,555559,585617,431432
2023-08-28,553052,538384,551541,584652,431750
2023-08-29,515143,517699,541867,581563,431559
2023-08-30,361731,477575,533245,581288,431956
2023-08-31,355868,469922,532127,583456,432818
2023-09-01,332138,461015,527893,581058,432444
2023-09-05,328730,451694,525786,580829,432647
2023-09-06,344113,461815,530639,584466,434614
2023-09-07,342720,451952,521020,585197,435195
2023-09-08,337493,452631,516967,585722,435848
2023-09-11,349940,462660,515089,587934,436852
2023-09-12,382597,467824,512446,590963,433127
2023-09-13,445925,480534,519121,595650,435334
2023-09-14,498717,430224,525633,599071,438191
2023-09-15,695495,525682,563662,620641,448754
2023-09-18,736630,534384,571634,621469,451099
2023-09-19,787044,557887,582624,620278,454068
2023-09-20,784287,564200,588485,622543,455500
2023-09-21,797688,570204,589733,620930,456792
2023-09-22,802994,570244,593007,623069,457744
2023-09-25,780344,565142,590512,621529,458090
2023-09-26,764564,573581,593398,621248,459161
2023-09-27,731604,588765,596003,623816,460690
2023-09-28,683889,591303,590044,621978,461559
2023-09-29,483435,589465,583709,623145,462545
2023-10-02,460318,598474,570164,613525,463101
2023-10-03,407341,597193,565514,612333,464093
2023-10-04,382398,583343,556086,610096,464617
2023-10-05,373773,585730,548276,609605,464486
2023-10-06,369879,586437,540230,610689,465773
2023-10-09,369604,574974,525495,609255,465557
2023-10-10,383734,574149,521533,608372,467393
2023-10-11,369515,550559,516489,608222,468389
2023-10-12,436925,560407,514936,614498,472661
2023-10-13,500473,491954,523849,620125,477148
2023-10-16,501429,480873,524081,617147,478592
2023-10-17,524505,465923,524456,591774,480782
2023-10-18,529254,455826,523914,583431,482076
2023-10-19,552900,463337,525653,580426,484049
2023-10-20,561034,465457,527834,580274,485704
2023-10-23,592262,480933,533506,577737,486854
2023-10-24,619017,501376,540593,581396,486955
2023-10-25,715706,542610,555579,579333,492411
2023-10-26,654586,545755,527170,576902,492217
2023-10-27,588850,544661,524824,575862,492567
2023-10-30,711106,606267,548324,573807,499678
2023-10-31,743039,633772,558132,575879,503348
2023-11-01,783417,656336,564694,577080,505840
2023-11-02,766860,659880,566788,571861,507100
2023-11-03,799578,680306,574196,570398,510696
2023-11-06,783052,687657,575040,565300,511022
2023-11-07,765341,692179,583051,567296,513930
2023-11-08,661704,688705,584891,563379,514252
2023-11-09,641753,648169,583174,558210,514585
2023-11-10,660322,624586,585715,558921,516451
2023-11-13,522571,616838,586410,557152,517162
2023-11-14,473498,608268,587085,556436,518351
2023-11-15,430218,606817,581915,556277,518714
2023-11-16,421428,594144,582530,551775,519084
2023-11-17,389982,594780,584694,550830,519882
2023-11-20,409963,596507,587045,551067,521777
2023-11-21,537794,651567,614090,563268,530864
2023-11-22,580843,621273,611874,565498,534080
2023-11-24,600371,621062,603505,564569,535363
2023-11-27,589735,625028,564563,564113,536967
2023-11-28,602606,562588,559606,565620,538379
2023-11-29,596370,534934,548951,565787,539314
2023-11-30,592653,511435,543588,566036,540244
2023-12-01,591140,506284,541220,565477,541132
2023-12-04,567857,478920,537666,565337,541146
2023-12-05,533392,471677,537654,564083,541170
2023-12-06,363998,450896,533977,563687,540559
2023-12-07,343390,462116,534231,565117,541667
2023-12-08,334722,467546,533671,561858,541640
2023-12-11,314451,452093,530766,557237,541372
2023-12-12,310754,456680,529693,549928,542129
2023-12-13,308678,452524,529218,547366,541885
2023-12-14,336616,464634,534432,545259,540328
2023-12-15,392395,491767,544944,546610,542727
2023-12-18,385586,476722,540808,540519,542914
2023-12-19,381989,457690,540131,532813,543032
2023-12-20,390295,377147,535289,528411,543809
2023-12-21,361014,352202,532531,524510,543669
2023-12-22,358248,346485,517936,516436,544154
2023-12-26,348049,331250,500281,512065,541943
2023-12-27,323040,316897,494015,509048,539853
2023-12-28,309027,308852,486122,505289,539120
2023-12-29,264605,300610,481502,502708,537322
2024-01-02,198981,295688,474161,499907,535943
2024-01-03,224409,304998,473483,500658,535511
2024-01-04,263283,322636,474336,503921,536829
2024-01-05,267437,328866,464973,502783,537252
2024-01-08,257015,309015,440793,498186,536552
2024-01-09,251026,304637,437224,482197,533076
2024-01-10,263887,305968,435289,480056,532456
2024-01-11,276233,299636,407040,477682,532058
2024-01-12,291438,300232,395802,476967,532454
2024-01-16,303130,283867,385444,475069,532541
2024-01-17,306801,252891,382149,474468,532445
2024-01-18,279099,251754,369387,471791,529934
2024-01-19,247889,255586,367303,471172,528394
2024-01-22,225454,246445,356996,470023,527337
2024-01-23,228764,242890,354205,469548,525555
2024-01-24,223905,237465,353654,468414,524851
2024-01-25,222484,243185,347721,466718,525087
2024-01-26,226563,251398,347839,467125,524091
2024-01-29,217950,254694,344693,465889,523359
2024-01-30,215962,259546,342593,462254,523360
2024-01-31,205302,256051,338924,460727,522962
2024-02-01,198992,239045,331189,457941,521832
2024-02-02,192041,219965,323719,455382,521658
2024-02-05,219135,222294,293264,453677,522320
2024-02-06,232558,230661,284548,448211,521930
2024-02-07,253996,238950,284379,443942,521507
2024-02-08,258566,240525,281487,423025,521833
2024-02-09,244294,235428,276176,417891,519680
2024-02-12,251079,234515,275634,412292,516285
2024-02-13,253000,234481,274662,409125,515834
2024-02-14,252943,229123,271284,406252,513591
2024-02-15,257961,228476,269209,403438,513253
2024-02-16,251919,221980,267424,402539,512034
2024-02-20,234694,226914,267403,400690,510969
2024-02-21,230396,231477,261950,398091,510953
2024-02-22,295376,274686,276510,405091,513535
2024-02-23,299177,278871,278432,404599,513872
2024-02-26,309492,276893,275924,402808,508167
2024-02-27,300768,275923,274052,401635,506984
2024-02-28,346895,299948,276718,405575,507835
2024-02-29,360052,306497,264816,404880,507243
2024-03-01,363779,310870,264848,402828,506758
2024-03-04,384613,318266,267949,404040,506648
2024-03-05,443351,339022,278014,406652,507512
2024-03-06,474455,352426,284638,408585,508403
2024-03-07,403032,349204,285467,401701,508100
2024-03-08,411547,355362,291132,395707,507916
2024-03-11,438712,374102,299059,396537,506842
2024-03-12,446935,373851,301634,393878,492826
2024-03-13,405646,376270,304926,393214,488322
2024-03-14,411278,385665,307275,390718,485572
2024-03-15,457951,410865,311556,392519,486397
2024-03-18,457327,420970,306758,390547,484142
2024-03-19,400430,421891,304613,384793,483095
2024-03-20,375775,425115,308390,374591,476962
2024-03-21,388766,395899,313015,375120,476011
2024-03-22,377275,394411,313810,374549,475206
2024-03-25,367790,403251,317370,362205,468006
2024-03-26,370060,408497,317358,356580,466230
2024-03-27,372131,388888,318727,352085,464583
2024-03-28,374032,392655,320721,351435,461648
2024-04-01,330694,394322,321875,345631,458014
2024-04-02,332908,395117,323762,345532,455416
2024-04-03,328128,364279,325148,341072,454184
2024-04-04,318950,347362,326427,340316,451848
2024-04-05,343759,366263,336986,345320,451765
2024-04-08,352140,364707,339741,343731,451326
2024-04-09,339538,353664,339965,343902,450527
2024-04-10,330984,350522,339965,342329,449382
2024-04-11,315676,343904,338670,340631,448454
2024-04-12,313066,343549,342274,340599,446187
2024-04-15,318671,324682,345811,338500,444665
2024-04-16,333501,333204,352054,337886,444477
2024-04-17,408170,368149,362955,328109,445689
2024-04-18,471237,395094,374163,329355,447427
2024-04-19,438735,391247,373934,329157,446863
2024-04-22,423459,387800,372719,327103,445608
2024-04-23,460790,400164,383264,329720,447670
2024-04-24,481601,406292,386069,330852,448320
2024-04-25,500925,408301,388255,331458,448747
2024-04-26,488934,401000,389472,330378,447927
2024-04-29,471881,395276,388595,328902,447119
2024-04-30,436571,385036,388984,328204,446144
2024-05-01,361044,384607,388225,327814,445751
2024-05-02,301155,386196,388314,325132,445125
2024-05-03,303974,371355,375653,326082,443970
2024-05-06,308556,366008,374595,326514,441876
2024-05-07,282789,371790,377924,326924,438426
2024-05-08,270371,375986,379990,327021,437194
2024-05-09,269878,385402,372851,324785,435022
2024-05-10,340634,414784,385589,325202,435906
2024-05-13,368691,420286,389577,327213,433866
2024-05-14,399899,418235,392041,329995,431404
2024-05-15,428828,394936,385320,331667,430039
2024-05-16,434904,368029,380404,332521,428515
2024-05-17,437347,370660,382516,333992,425214
2024-05-20,436510,372533,379588,335360,423713
2024-05-21,426470,354630,375475,337267,423158
2024-05-22,426963,348667,375996,338815,422052
2024-05-23,423711,346794,376464,340695,421702
2024-05-24,345775,343205,372488,339882,419894
2024-05-28,334679,351685,364923,338240,419449
2024-05-29,318759,359329,364327,335543,419732
2024-05-30,475652,452240,400364,352489,427636
2024-05-31,556767,495835,416603,362496,430341
2024-06-03,609313,523330,426625,369820,426009
2024-06-04,660850,548680,436303,375056,427556
2024-06-05,710444,568457,444006,380688,429185
2024-06-06,727836,577399,447551,382455,429711
2024-06-07,825108,624409,467060,392893,433981
2024-06-10,852980,599378,468278,394500,434484
2024-06-11,858798,596739,470544,396210,434000
2024-06-12,891454,605106,476037,399899,435535
2024-06-13,758366,617009,486412,405780,437901
2024-06-14,709729,633248,494758,410593,440070
2024-06-17,674851,642082,492844,414915,441665
2024-06-18,671468,666159,500169,419955,443336
2024-06-20,653830,682137,506865,423415,445270
2024-06-21,684426,706131,518239,429102,447496
2024-06-24,663282,744195,536581,437625,449940
2024-06-25,662340,757660,538133,440203,450465
2024-06-26,668693,763746,540548,443180,450560
2024-06-27,635099,763276,536356,444205,449793
2024-06-28,624763,691564,529731,446343,450010
2024-07-01,623126,666427,525136,449649,448930
2024-07-02,603020,638936,525701,449817,446880
2024-07-03,590926,631197,533662,453191,438108
2024-07-05,557047,605438,526116,454690,436291
2024-07-08,508696,596561,523658,454864,433578
2024-07-09,433423,548353,523080,455667,432396
2024-07-10,438147,550244,527975,458724,432488
2024-07-11,436664,552679,533505,461050,432244
2024-07-12,443501,539300,537742,463363,432951
2024-07-15,402194,513478,537961,463093,431891
2024-07-16,364311,493718,537767,463041,430566
2024-07-17,352272,477646,535360,455507,430299
2024-07-18,400102,495514,551971,463283,433941
2024-07-19,429611,493329,555480,466702,434755
2024-07-22,456941,482819,560972,470481,436058
2024-07-23,469851,451637,563075,467963,436769
2024-07-24,475583,456865,554965,470277,437578
2024-07-25,470716,453690,553910,471744,437286
2024-07-26,491775,467638,556117,474079,439060
2024-07-29,500791,451493,552353,468837,437744
2024-07-30,515288,439799,553844,467124,437854
2024-07-31,574387,463329,562768,472642,437172
2024-08-01,528238,464170,570317,474952,435329
2024-08-02,533868,481739,576960,476218,436377
2024-08-05,533517,495229,582283,479139,436509
2024-08-06,519450,494650,582223,479343,436279
2024-08-07,495680,485632,584946,478717,434717
2024-08-08,478751,474733,582724,473824,433172
2024-08-09,434390,463083,579244,471786,431166
2024-08-12,425792,463292,542381,471373,428083
2024-08-13,424966,470127,527484,472043,423317
2024-08-14,358454,466420,512597,469611,422365
2024-08-15,328956,428597,503938,470121,422335
2024-08-16,294517,414192,493775,468890,415548
2024-08-19,275976,404747,491911,469731,413156
2024-08-20,274177,396814,472037,469548,410817
2024-08-21,288955,392317,472141,470209,410822
2024-08-22,384931,431841,487951,479248,412439
2024-08-23,413037,423713,483560,479798,412665
2024-08-26,414005,419899,473509,479960,410516
2024-08-27,394341,409653,464406,479582,409949
2024-08-28,398171,378312,457261,475052,410186
2024-08-29,388414,358685,447327,473748,408739
2024-08-30,391424,342970,441293,474079,408990
2024-09-03,388296,332136,432685,475462,408895
2024-09-04,389456,331817,417271,476926,408779
2024-09-05,384897,336926,416652,477393,408996
2024-09-06,299274,342103,414067,477308,407904
2024-09-09,294713,353875,415483,475920,406903
2024-09-10,306671,360338,409891,469811,398960
2024-09-11,330091,362216,405799,465468,397412
2024-09-12,366381,382276,409933,467817,398487
2024-09-13,369608,379011,403063,468363,397733
2024-09-16,359630,375527,401810,463963,396842
2024-09-17,353240,370768,401594,462626,396739
2024-09-18,340201,364829,398627,460854,396156
2024-09-19,346038,365468,398231,463103,396741
2024-09-20,355145,327209,397763,465634,397268
2024-09-23,336902,315808,394163,465953,397078
2024-09-24,333414,320043,396135,467048,397431
2024-09-25,314420,322255,395821,466794,395963
2024-09-26,311887,339134,401856,468608,397345
2024-09-27,380389,374998,399121,475546,401030
2024-09-30,386033,372831,393094,474287,400606
2024-10-01,397254,375247,389657,475314,401168
2024-10-02,414717,377459,387600,475338,400061
2024-10-03,395652,370845,382244,468605,396903
2024-10-04,388525,371835,381325,467618,397415
2024-10-07,389962,363432,373801,464959,397477
2024-10-08,377075,355244,371391,461872,396770
2024-10-09,371795,343107,367122,460483,396502
2024-10-10,332016,321952,353382,458075,396033
2024-10-11,262211,321300,345915,458116,396738
2024-10-14,257478,321755,337816,457388,397328
2024-10-15,252927,325091,333539,457911,398363
2024-10-16,268365,341541,337383,459803,400249
2024-10-17,297002,346327,342509,463727,401805
2024-10-18,292613,340569,344097,463411,400825
2024-10-21,297617,343789,346446,462845,399194
2024-10-22,333108,355091,352854,447618,400053
2024-10-23,357308,364551,353591,440537,401517
2024-10-24,368891,350454,355469,434033,401927
2024-10-25,375576,318894,355240,429589,402323
2024-10-28,386096,321787,356132,424953,402821
2024-10-29,367741,310334,351892,421901,402178
2024-10-30,356613,312489,353870,412954,402923
2024-10-31,328188,312595,350356,411248,402874
2024-11-01,376714,334664,342454,415203,405706
2024-11-04,393469,345543,342533,413046,406473
2024-11-05,360002,346555,342054,407781,406781
2024-11-06,358863,358085,346495,405451,408022
2024-11-07,435538,402214,362942,410102,412508
2024-11-08,445814,410695,366720,407023,413489
2024-11-11,479119,432608,373671,407482,415449
2024-11-12,494447,431094,373122,402904,416003
2024-11-13,470788,413701,370137,393704,415665
2024-11-14,473345,400767,368045,392349,416276
2024-11-15,480562,428638,378712,396389,419785
2024-11-18,463557,428513,376301,395892,420049
2024-11-19,464507,412254,373621,391756,419049
2024-11-20,450155,404509,370508,388154,418901
2024-11-21,398698,417118,369406,389669,419743
2024-11-22,399648,422731,372728,387895,420543
2024-11-25,374283,426701,376602,389206,421948
2024-11-26,483071,488759,399088,400341,427602
2024-11-27,527500,499144,407597,403112,429390
2024-11-29,527173,500259,404272,401251,429988
2024-12-02,466582,473572,400999,399381,430216
2024-12-03,478470,471014,404615,399389,431376
2024-12-04,493025,478766,405543,400839,431966
2024-12-05,497331,473743,407090,401456,432248
2024-12-06,468062,433380,400641,401248,428378
2024-12-09,448274,423961,386305,392713,427998
2024-12-10,429117,401700,385219,389156,427929
2024-12-11,308015,395543,381240,385448,427965
2024-12-12,263256,395378,377304,382452,425208
2024-12-13,261042,394107,377350,379797,425037
2024-12-16,256542,361562,374603,377964,424854
2024-12-17,252331,365401,377089,375445,424762
2024-12-18,240025,366525,378133,374762,421799
2024-12-19,233771,365551,379485,373304,420214
2024-12-20,239330,353696,382104,367743,420193
2024-12-23,230058,339166,379874,362895,418924
2024-12-24,217615,323366,377246,357531,416874
2024-12-26,203815,255915,371418,352478,415809
2024-12-27,195511,229384,362734,350058,414701
2024-12-30,178587,219814,353667,348088,413402
2024-12-31,167577,212060,349595,346846,410335
2025-01-02,151317,201824,347829,347137,409462
2025-01-03,138826,189426,339277,346066,408719
2025-01-06,134192,183981,334862,344227,408135
2025-01-07,118607,178969,332047,343758,406685
2025-01-08,116574,173316,328073,341656,405889
2025-01-10,143441,180528,328715,342423,405657
2025-01-13,168207,186011,331511,341701,405716
2025-01-14,193298,194405,330071,341971,405759
2025-01-15,230167,204377,334063,342209,406209
2025-01-16,245397,206487,323332,332893,406070
2025-01-17,298792,225055,328894,335713,407756
2025-01-21,339345,239086,335146,338600,409280
2025-01-22,346133,240163,332316,339406,409494
2025-01-23,360833,239720,317106,340024,407538
2025-01-24,364943,240759,311899,339309,406529
2025-01-27,365343,254392,305960,339815,406947
2025-01-28,364527,266367,305527,339324,407393
2025-01-29,382683,287991,312450,341293,409110
2025-01-30,374904,302535,314374,341210,409301
2025-01-31,376287,310842,302477,340594,408951
2025-02-03,324177,311485,301017,338659,407290
2025-02-04,300899,320122,302424,338022,403917
2025-02-05,297406,321769,301767,336137,400802
2025-02-06,295741,328287,296515,332960,400389
2025-02-07,310296,337620,294029,333378,400871
2025-02-10,306417,335880,292387,334494,399229
2025-02-11,291508,328017,267214,333151,397889
2025-02-12,288603,335643,264670,336134,398494
2025-02-13,269671,322287,262874,333573,398338
2025-02-14,271651,323969,263491,332245,398940
2025-02-18,303365,313771,265996,335306,400629
2025-02-19,305608,303253,264941,335242,401145
2025-02-20,298502,297954,262001,334546,400670
2025-02-21,289860,292801,260874,330758,399683
2025-02-24,302517,306407,264878,325591,400569
2025-02-25,300346,303382,266632,325926,400106
2025-02-26,301547,296528,265921,323581,399447
2025-02-27,350226,319414,282064,329684,402511
2025-02-28,368603,319137,284386,330868,399736
2025-03-03,401284,336468,292439,333521,400569
2025-03-04,439486,371425,303427,340258,402609
2025-03-05,444913,375260,305918,342026,401949
2025-03-06,464726,381614,308192,343839,402161
2025-03-07,484963,387411,310001,346052,402064
2025-03-10,537430,419974,326352,353113,405615
2025-03-11,546630,423488,332435,354841,406114
2025-03-12,576860,439204,340530,355974,406942
2025-03-13,512469,431347,345456,354095,406949
2025-03-14,526411,447507,353951,353809,408768
2025-03-17,528359,464821,364596,357096,410253
2025-03-18,477320,458403,368628,358228,410537
2025-03-19,470084,457498,372170,355723,401671
2025-03-20,483905,474316,378135,356498,398518
2025-03-21,509175,497069,388114,360081,397057
2025-03-24,443168,490299,391671,359872,394730
2025-03-25,435570,491100,390861,359788,392371
2025-03-26,442366,509613,395362,363436,392669
2025-03-27,487300,499884,404256,367163,390058
2025-03-28,460207,493309,399959,367011,389130
2025-03-31,446414,487386,404799,364065,389634
2025-04-01,453445,465383,399559,364226,388636
2025-04-02,484258,477171,401152,368149,387965
2025-04-03,548311,516108,418570,375443,390447
2025-04-04,650634,579905,446075,381590,395846
2025-04-07,733121,588144,465306,388603,397813
2025-04-08,811633,623601,480119,393039,400261
2025-04-09,842175,642271,490891,398209,400556
2025-04-10,872964,680132,502312,407381,400543
2025-04-11,918675,689441,508713,411544,401946
2025-04-14,935466,690940,516635,409556,402973
2025-04-15,921942,687694,519112,410065,402978
2025-04-16,905613,694935,522095,412260,402008
2025-04-17,859470,703890,530983,416375,402264
2025-04-21,752947,701791,537516,417015,403342
2025-04-22,697714,715417,542790,418410,403152
2025-04-23,662056,736844,551247,421817,405511
2025-04-24,612229,727202,555035,411125,405733
2025-04-25,538626,705795,552317,408494,405803
2025-04-28,504433,711554,555666,409270,405261
2025-04-29,469280,702373,556161,409826,404603
2025-04-30,470686,696314,552576,409286,404338
2025-05-01,467642,686627,554502,409721,405280
2025-05-02,438549,649009,558992,410497,405976
2025-05-05,404832,578890,560510,410692,405970
2025-05-06,390390,544052,560365,412621,402667
2025-05-07,365795,513926,564337,415485,402320
2025-05-08,398542,505385,574434,420178,402813
2025-05-09,391583,465104,560588,421326,401889
2025-05-12,437395,470914,569424,426905,403351
2025-05-13,485642,477461,573032,432736,405350
2025-05-14,530772,500729,570833,437130,406288
2025-05-15,546569,507105,574833,440376,407569
2025-05-16,553385,495967,576724,442458,407881
2025-05-19,565968,485400,576711,443356,405549
2025-05-20,581487,485939,569176,447764,405329
2025-05-21,595106,480450,574032,453234,405382
2025-05-22,582561,490552,575575,458052,405265
2025-05-23,601862,496723,578467,461961,406010
2025-05-27,572842,505119,578710,466331,407209
2025-05-28,558647,522144,579090,471843,409345
2025-05-29,650970,590871,605563,487096,417117
2025-05-30,644879,595724,609792,490981,418523
2025-06-02,665468,609427,613037,495586,419906
2025-06-03,666819,616393,608240,498177,420968
2025-06-04,641151,611319,608773,500222,420939
2025-06-05,628015,611560,612521,501691,422057
2025-06-06,604561,593561,608014,501688,421694
2025-06-09,609816,605839,602970,503613,422792
2025-06-10,664163,618503,619502,509730,425970
2025-06-11,690784,624715,627964,516381,424637
2025-06-12,556520,603745,626178,512868,424291
2025-06-13,544258,594569,621792,511472,425036
2025-06-16,513737,589603,606122,512346,425876
2025-06-17,504585,585702,579030,512552,426288
2025-06-18,498719,569935,561892,513599,426454
2025-06-20,482572,555293,546709,513414,426615
2025-06-23,480616,542588,535702,513296,426310
2025-06-24,452274,531045,518832,510572,425933
2025-06-25,373302,518733,510427,509570,425390
2025-06-26,315690,503237,504009,510322,425458
2025-06-27,301604,429062,502110,510611,424635
2025-06-30,289720,416989,498614,510354,424188
2025-07-01,307945,410841,495817,513400,424769
2025-07-02,322123,413354,492865,515191,424075
2025-07-03,339270,418994,490203,516497,424937
2025-07-07,340851,411711,482468,516857,425676
2025-07-08,368942,424779,487044,521040,427096
2025-07-09,397251,424763,490557,521437,428785
2025-07-10,435130,404216,496567,526116,429845
2025-07-11,445302,380496,499213,527687,429966
2025-07-14,483305,392454,504634,528605,431955
2025-07-15,588041,438880,522693,538598,436920
2025-07-16,611918,459931,530491,544741,439643
2025-07-17,612684,467403,534435,547473,439115
2025-07-18,611617,475443,534449,547407,436499
2025-07-21,640915,490883,537491,550914,438420
2025-07-22,635531,502236,534442,554438,439009
2025-07-23,659188,528220,544078,552333,441009
2025-07-24,655247,545188,540137,554781,442824
2025-07-25,695508,570405,541186,557109,445315
2025-07-28,680703,582004,534620,552727,446492
2025-07-29,583448,585744,530069,552451,447238
2025-07-30,520823,566370,523978,550351,447095
2025-07-31,520089,566386,525260,550986,448519
2025-08-01,531813,571715,524514,546845,449979
2025-08-04,506530,573722,519776,546904,450872
2025-08-05,484554,560042,514841,545208,450591
2025-08-06,436299,547744,510966,544716,449406
2025-08-07,401779,528513,505924,542317,448063
2025-08-08,340777,518143,497612,538351,447723
2025-08-11,321916,501310,468810,537186,447707
2025-08-12,310705,447076,463234,536513,446118
2025-08-13,325759,423291,456036,534536,445517
2025-08-14,303493,411791,452594,530417,445249
2025-08-15,275407,403610,451365,530069,444970
2025-08-18,254389,380460,445051,528786,444287
2025-08-19,259579,372066,445844,526929,445183
2025-08-20,263680,349989,441738,522354,444759
2025-08-21,256438,329109,424379,521940,444476
2025-08-22,267137,303957,412883,520423,442244
2025-08-25,278862,300389,413278,519728,441977
2025-08-26,291009,300857,412584,517188,442669
2025-08-27,304582,315170,414205,510164,442803
2025-08-28,418539,361016,435385,507208,444399
2025-08-29,447459,361433,441113,501503,445053
2025-09-02,506771,380580,449891,498300,445670
2025-09-03,545605,402592,458842,497272,447740
2025-09-04,589450,426565,469174,494003,450692
2025-09-05,624168,440303,474552,492490,452017
2025-09-08,634282,450709,476601,490305,449930
2025-09-09,625440,452151,478045,490078,450071
2025-09-10,626100,458554,479860,489237,450748
2025-09-11,616060,460321,475828,485822,451099
2025-09-12,511244,464891,473210,483037,450026
2025-09-15,508773,478116,475014,482609,450509
2025-09-16,480516,493644,477824,480146,450981
2025-09-17,450437,498021,475141,481093,446109
2025-09-18,412389,500920,472201,481379,444936
2025-09-19,412887,518527,470104,483335,446302
2025-09-22,391984,513133,465938,482575,446201
2025-09-23,381179,503309,457620,481127,445207
2025-09-24,378878,502489,438028,480360,445041
2025-09-25,382183,499121,429881,480186,445341
2025-09-26,387083,449164,428090,481262,445977
2025-09-29,366205,437489,425932,480190,446406
2025-09-30,358221,419368,421285,479388,447436
2025-10-01,465809,458123,441197,487819,453998
2025-10-02,500480,456435,440460,492269,456798
2025-10-03,515804,464346,442215,491176,459041
2025-10-06,541145,466564,435065,488126,460431
2025-10-07,562470,471824,433973,484297,460714
2025-10-08,573463,476170,436031,483050,461713
2025-10-09,573782,477983,440473,482226,462342
2025-10-10,583354,485219,440743,483001,463179
2025-10-13,586190,476198,436807,480660,464212
2025-10-14,567784,463003,433536,476656,464945
2025-10-15,431358,448583,430557,472699,465376
2025-10-16,436536,468508,440507,475736,468849
2025-10-17,407497,461651,443359,474642,470486
2025-10-20,392573,466859,445424,471518,471680
2025-10-21,403617,483043,450313,459562,473329
2025-10-22,381746,477605,450239,456737,473859
2025-10-23,372853,473318,449892,452964,474275
2025-10-24,353736,468545,450791,451693,474935
2025-10-27,347119,466654,451149,451257,475739
2025-10-28,355281,461533,453715,449383,475537
2025-10-29,403122,417240,459266,452555,477121
2025-10-30,372172,404354,462206,451972,477793
2025-10-31,364626,386062,464996,444688,477209
2025-11-03,364797,378685,464956,438920,477650
2025-11-04,361188,382402,466779,440028,476448
2025-11-05,374031,377889,466844,439714,475593
2025-11-06,364828,368841,461941,438073,475210
2025-11-07,351007,352371,437285,436335,474444
2025-11-10,342095,344607,430076,435595,474597
2025-11-11,324223,339752,417205,433548,473481
2025-11-12,307585,355354,411662,435252,474274
2025-11-13,281458,326815,400607,434890,472731
2025-11-14,270398,317512,394242,434397,471984
2025-11-17,255692,310245,389238,432920,471621
2025-11-18,243835,302511,390458,434251,472431
2025-11-19,239959,306995,389615,434738,472546
2025-11-20,240887,302858,386907,431367,472384
2025-11-21,275932,313469,390222,431716,473453
2025-11-24,298556,320326,388033,431523,474010
2025-11-25,390238,357231,399150,438487,477672
2025-11-26,460959,384272,413767,444454,482747
2025-11-28,496763,389110,417482,444842,483139
2025-12-01,512075,391236,414080,442092,484104
2025-12-02,525264,390478,415894,440916,484301
2025-12-03,528422,386128,419906,438763,483684
2025-12-04,577816,408887,429403,433715,486156
2025-12-05,592500,416693,428970,429426,487084
2025-12-08,581575,428753,429121,428605,488039
2025-12-09,591720,445138,433136,429534,488470
2025-12-10,514277,452258,430361,425823,488369
2025-12-11,415313,438136,403667,422432,488435
2025-12-12,381163,438963,393618,417039,484686
2025-12-15,409511,460793,392821,417518,486149
2025-12-16,404623,464943,388590,411827,484468
2025-12-17,409536,468979,389319,411646,482187
2025-12-18,359288,468552,386568,411299,481875
2025-12-19,377702,485101,389754,415114,482732
2025-12-22,360761,471168,384602,412672,481829
2025-12-23,324556,458138,380809,408808,477827
2025-12-24,305408,409843,377886,405711,476308
2025-12-26,299502,357408,377296,403927,474567
2025-12-29,291871,336517,364685,402596,473656
2025-12-30,237875,323693,358897,401128,471723
2025-12-31,219702,312162,354016,399720,469036
